project,is_a_fork,has_issues,contributors,commits,stars,forks,top-contributor,to_select,relevant_issues,relevant_commits
https://github.com/PaddlePaddle/Paddle,FALSE,TRUE,183,21308,8156,2209,https://api.github.com/users/reyoung,TRUE,396,1690
https://github.com/GoogleCloudPlatform/PerfKitBenchmarker,FALSE,TRUE,95,3349,1123,301,https://api.github.com/users/cmccoy,TRUE,150,171
https://github.com/tensorpack/tensorpack,FALSE,TRUE,39,2552,3670,1132,https://api.github.com/users/ppwwyyxx,TRUE,78,164
https://github.com/rlworkgroup/garage,FALSE,TRUE,42,389,222,31,https://api.github.com/users/dementrock,TRUE,71,37
https://github.com/Azure/azure-sdk-for-python,FALSE,TRUE,110,3626,686,548,https://api.github.com/users/lmazuel,TRUE,71,71
https://github.com/mozilla/DeepSpeech,FALSE,TRUE,63,1193,9286,1640,https://api.github.com/users/reuben,TRUE,70,25
https://github.com/firedrakeproject/firedrake,FALSE,TRUE,39,4745,126,52,https://api.github.com/users/wence-,TRUE,50,117
https://github.com/GPflow/GPflow,FALSE,TRUE,34,1655,901,259,https://api.github.com/users/jameshensman,TRUE,47,67
https://github.com/tensorlayer/tensorlayer,FALSE,TRUE,68,1901,4731,1096,https://api.github.com/users/zsdonghao,TRUE,27,151
https://github.com/NervanaSystems/coach,FALSE,TRUE,22,389,1132,207,https://api.github.com/users/zach-nervana,TRUE,26,40
https://github.com/Kismuz/btgym,FALSE,TRUE,5,610,367,116,https://api.github.com/users/Kismuz,TRUE,26,10
https://github.com/mortendahl/tf-encrypted,FALSE,TRUE,10,299,185,29,https://api.github.com/users/mortendahl,TRUE,20,8
https://github.com/hughperkins/tf-coriander,FALSE,TRUE,400,7960,691,81,https://api.github.com/users/tensorflower-gardener,TRUE,14,820
https://github.com/deepchem/deepchem,FALSE,TRUE,67,3604,1392,463,https://api.github.com/users/rbharath,TRUE,14,169
https://github.com/horovod/horovod,FALSE,TRUE,35,219,5331,735,https://api.github.com/users/alsrgv,TRUE,13,15
https://github.com/uber/petastorm,FALSE,TRUE,9,303,395,61,https://api.github.com/users/selitvin,TRUE,12,4
https://github.com/uber/ludwig,FALSE,TRUE,13,249,2732,228,https://api.github.com/users/w4nderlust,TRUE,11,20
https://github.com/Cloud-CV/Fabrik,FALSE,TRUE,44,290,975,242,https://api.github.com/users/utsavgarg,TRUE,10,19
https://github.com/spotify/spotify-tensorflow,FALSE,TRUE,9,278,60,12,https://api.github.com/users/ravwojdyla,TRUE,10,5
https://github.com/mlflow/mlflow,FALSE,TRUE,74,528,3149,537,https://api.github.com/users/smurching,TRUE,10,27
https://github.com/thu-ml/zhusuan,FALSE,TRUE,13,167,1527,303,https://api.github.com/users/thjashin,TRUE,10,18
https://github.com/tensorflow/cleverhans,FALSE,TRUE,83,2627,3477,790,https://api.github.com/users/goodfeli,TRUE,9,99
https://github.com/src-d/hercules,FALSE,TRUE,14,697,229,33,https://api.github.com/users/vmarkovtsev,TRUE,9,18
https://github.com/Lab41/attalos,FALSE,TRUE,12,525,91,38,https://api.github.com/users/ymt123,TRUE,9,17
https://github.com/tensorflow/adanet,FALSE,TRUE,11,179,2360,322,https://api.github.com/users/cweill,TRUE,8,3
https://github.com/blei-lab/edward,FALSE,TRUE,78,1764,4092,734,https://api.github.com/users/dustinvtran,TRUE,8,41
https://github.com/tensorflow/datasets,FALSE,TRUE,22,489,510,65,https://api.github.com/users/rsepassi,TRUE,8,7
https://github.com/NVIDIA/OpenSeq2Seq,FALSE,TRUE,26,1063,635,140,https://api.github.com/users/Kipok,TRUE,8,75
https://github.com/uTensor/uTensor,FALSE,TRUE,9,441,872,109,https://api.github.com/users/neil-tan,TRUE,8,32
https://github.com/googledatalab/pydatalab,FALSE,TRUE,26,382,146,57,https://api.github.com/users/qimingj,TRUE,8,102
https://github.com/XanaduAI/strawberryfields,FALSE,TRUE,9,148,216,40,https://api.github.com/users/josh146,TRUE,8,21
https://github.com/ctuning/ck-env,FALSE,TRUE,12,1738,49,12,https://api.github.com/users/gfursin,TRUE,7,165
https://github.com/yhat/yhat-client,FALSE,TRUE,12,364,28,12,https://api.github.com/users/glamp,TRUE,7,9
https://github.com/NVIDIA/tensorrt-inference-server,FALSE,TRUE,5,136,222,40,https://api.github.com/users/deadeyegoodwin,TRUE,6,5
https://github.com/google/seq2seq,FALSE,TRUE,16,880,4551,1060,https://api.github.com/users/dennybritz,TRUE,6,25
https://github.com/LIS/lis-test,FALSE,TRUE,38,3195,19,67,https://api.github.com/users/chvalean,TRUE,6,87
https://github.com/ildoonet/tf-pose-estimation,FALSE,TRUE,11,190,1802,648,https://api.github.com/users/ildoonet,TRUE,6,23
https://github.com/NervanaSystems/nlp-architect,FALSE,TRUE,23,579,1779,260,https://api.github.com/users/peteriz,TRUE,5,28
https://github.com/broadinstitute/keras-rcnn,FALSE,TRUE,15,649,408,159,https://api.github.com/users/0x00b1,TRUE,5,13
https://github.com/tobegit3hub/simple_tensorflow_serving,FALSE,TRUE,6,222,332,76,https://api.github.com/users/tobegit3hub,TRUE,4,3
https://github.com/tf-coreml/tf-coreml,FALSE,TRUE,17,205,890,118,https://api.github.com/users/slin07,TRUE,4,15
https://github.com/paninski-lab/yass,FALSE,TRUE,7,1040,26,9,https://api.github.com/users/edublancas,TRUE,4,105
https://github.com/XiaoMi/mace,FALSE,TRUE,24,2340,3008,533,https://api.github.com/users/nolanliou,TRUE,4,212
https://github.com/arviz-devs/arviz,FALSE,TRUE,23,541,533,68,https://api.github.com/users/ColCarroll,TRUE,3,23
https://github.com/analysiscenter/batchflow,FALSE,TRUE,7,2097,97,25,https://api.github.com/users/roman-kh,TRUE,3,155
https://github.com/Uberi/speech_recognition,FALSE,TRUE,35,333,3619,1248,https://api.github.com/users/Uberi,TRUE,3,16
https://github.com/PrincetonUniversity/PsyNeuLink,FALSE,TRUE,16,6612,25,7,https://api.github.com/users/jdcpni,TRUE,3,221
https://github.com/agroce/tstl,FALSE,TRUE,5,1125,52,19,https://api.github.com/users/agroce,TRUE,1,95
https://github.com/epam/DLab,FALSE,TRUE,19,4411,68,19,https://api.github.com/users/OlehMartushevskyi,TRUE,1,815
https://github.com/databricks/tensorframes,FALSE,TRUE,13,208,723,153,https://api.github.com/users/thunterdb,TRUE,1,3
https://github.com/HyperGAN/HyperGAN,FALSE,TRUE,9,2737,888,137,https://api.github.com/users/martyn,TRUE,1,64
https://github.com/NervanaSystems/ngraph-tf,FALSE,TRUE,26,616,44,11,https://api.github.com/users/avijit-nervana,TRUE,1,28
https://github.com/keras-team/keras-contrib,FALSE,TRUE,52,541,923,388,https://api.github.com/users/titu1994,TRUE,1,35
https://github.com/onnx/tensorflow-onnx,FALSE,TRUE,14,590,136,47,https://api.github.com/users/guschmue,TRUE,1,53
https://github.com/freesurfer/freesurfer,FALSE,TRUE,47,22321,87,97,https://api.github.com/users/dngreve,TRUE,0,1607
https://github.com/conda/conda,FALSE,TRUE,212,11383,2716,675,https://api.github.com/users/kalefranz,TRUE,0,500
https://github.com/Microsoft/ELL,FALSE,TRUE,15,3361,1943,268,https://api.github.com/users/cjacobs,TRUE,0,253
https://github.com/easybuilders/easybuild-easyblocks,FALSE,TRUE,74,6756,56,164,https://api.github.com/users/boegel,TRUE,0,216
https://github.com/intel-analytics/BigDL,FALSE,TRUE,54,2230,2781,665,https://api.github.com/users/yiheng,TRUE,0,210
https://github.com/tensorflow/tensorboard,FALSE,TRUE,141,2086,3135,760,https://api.github.com/users/jart,TRUE,0,151
https://github.com/analysiscenter/radio,FALSE,TRUE,10,1978,141,33,https://api.github.com/users/KirillEmelyanov,TRUE,0,115
https://github.com/rwth-i6/returnn,FALSE,TRUE,36,5991,156,74,https://api.github.com/users/albertz,TRUE,0,111
https://github.com/tensorforce/tensorforce,FALSE,TRUE,47,1624,2188,387,https://api.github.com/users/michaelschaarschmidt,TRUE,0,90
https://github.com/gheinrich/DIGITS-GAN,FALSE,TRUE,35,1482,92,34,https://api.github.com/users/lukeyeager,TRUE,0,80
https://github.com/cms-sw/cms-bot,FALSE,TRUE,119,7148,11,137,https://api.github.com/users/smuzaffar,TRUE,0,56
https://github.com/tensorflow/magenta,FALSE,TRUE,91,923,12251,2361,https://api.github.com/users/adarob,TRUE,0,56
https://github.com/dpressel/baseline,FALSE,TRUE,7,1118,198,48,https://api.github.com/users/dpressel,TRUE,0,51
https://github.com/wenwei202/iss-rnns,FALSE,TRUE,13,423,53,18,https://api.github.com/users/seominjoon,TRUE,0,47
https://github.com/simonmeister/motion-rcnn,FALSE,TRUE,228,1120,42,15,https://api.github.com/users/nealwu,TRUE,0,41
https://github.com/zbigniewwojna/text-rcnn,FALSE,TRUE,221,960,11,4,https://api.github.com/users/nealwu,TRUE,0,36
https://github.com/CSTR-Edinburgh/merlin,FALSE,TRUE,23,363,812,297,https://api.github.com/users/ronanki,TRUE,0,36
https://github.com/tensorflow/probability,FALSE,TRUE,67,773,1757,349,https://api.github.com/users/csuter,TRUE,0,35
https://github.com/jparkhill/TensorMol,FALSE,TRUE,9,1704,138,37,https://api.github.com/users/jparkhill,TRUE,0,29
https://github.com/ucbrise/clipper,FALSE,TRUE,31,250,827,189,https://api.github.com/users/dcrankshaw,TRUE,0,28
https://github.com/kubeflow/pipelines,FALSE,TRUE,28,490,661,114,https://api.github.com/users/IronPan,TRUE,0,28
https://github.com/asyml/texar,FALSE,TRUE,17,1200,1030,141,https://api.github.com/users/ZhitingHu,TRUE,0,27
https://github.com/tensorflow/benchmarks,FALSE,TRUE,47,531,543,358,https://api.github.com/users/reedwm,TRUE,0,24
https://github.com/huggingface/pytorch-pretrained-BERT,FALSE,TRUE,40,509,3569,699,https://api.github.com/users/thomwolf,TRUE,0,23
https://github.com/Microsoft/EdgeML,FALSE,TRUE,13,355,550,108,https://api.github.com/users/metastableB,TRUE,0,21
https://github.com/openvax/mhcflurry,FALSE,TRUE,9,851,50,17,https://api.github.com/users/timodonnell,TRUE,0,21
https://github.com/onnx/onnx-tensorflow,FALSE,TRUE,15,290,329,83,https://api.github.com/users/tjingrant,TRUE,0,20
https://github.com/gkahn13/gcg,FALSE,TRUE,11,316,41,8,https://api.github.com/users/gkahn13,TRUE,0,19
https://github.com/nengo/nengo-dl,FALSE,TRUE,6,521,21,5,https://api.github.com/users/drasmuss,TRUE,0,19
https://github.com/tapanalyticstoolkit/spark-tk,FALSE,TRUE,17,326,11,14,https://api.github.com/users/blbarker,TRUE,0,16
https://github.com/calico/basenji,FALSE,TRUE,5,898,63,20,https://api.github.com/users/davek44,TRUE,0,15
https://github.com/mindgarage/Ovation,FALSE,TRUE,5,223,8,17,https://api.github.com/users/jcbgamboa,TRUE,0,13
https://github.com/tensorflow/lingvo,FALSE,TRUE,16,339,135,39,https://api.github.com/users/jonathanasdf,TRUE,0,12
https://github.com/ucloud/uai-sdk,FALSE,TRUE,6,166,18,20,https://api.github.com/users/FinchZHU,TRUE,0,12
https://github.com/IntelAI/nauta,FALSE,TRUE,18,937,274,29,https://api.github.com/users/jcchr,TRUE,0,12
https://github.com/geneing/parallel_wavenet_vocoder,FALSE,TRUE,6,183,19,3,https://api.github.com/users/r9y9,TRUE,0,11
https://github.com/junhyukoh/self-imitation-learning,FALSE,TRUE,41,129,153,21,https://api.github.com/users/joschu,TRUE,0,10
https://github.com/Calamari-OCR/calamari,FALSE,TRUE,5,141,201,62,https://api.github.com/users/ChWick,TRUE,0,10
https://github.com/dzhwinter/benchmark,FALSE,TRUE,10,219,3,13,https://api.github.com/users/dzhwinter,TRUE,0,9
https://github.com/miha-skalic/youtube8mchallenge,FALSE,TRUE,17,230,85,29,https://api.github.com/users/miha-skalic,TRUE,0,9
https://github.com/dask/dask-ml,FALSE,TRUE,31,497,439,99,https://api.github.com/users/TomAugspurger,TRUE,0,6
https://github.com/FragileTheory/FractalAI,FALSE,TRUE,5,274,12,1,https://api.github.com/users/Guillemdb,TRUE,0,6
https://github.com/deepmind/sonnet,FALSE,TRUE,21,404,7319,1002,https://api.github.com/users/a-googler,TRUE,0,3
https://github.com/yahoo/TensorFlowOnSpark,FALSE,TRUE,15,308,2943,767,https://api.github.com/users/leewyang,TRUE,0,3
https://github.com/dwiel/tensorflow_hmm,FALSE,TRUE,5,103,254,72,https://api.github.com/users/dwiel,TRUE,0,3
https://github.com/tensorflow/tpu,FALSE,TRUE,21,231,676,251,https://api.github.com/users/frankchn,TRUE,0,2